Timestamp,Signatures
6/28/2025 6:57,610157
6/28/2025 16:55,626811
6/28/2025 16:56,626815
6/28/2025 16:59,626863
6/28/2025 17:59,627636
6/28/2025 18:59,628215
6/28/2025 19:59,628558
6/28/2025 20:59,628842
6/28/2025 21:59,629065
6/28/2025 22:59,629271
6/28/2025 23:59,629534
6/29/2025 0:59,630039
6/29/2025 1:59,630889
6/29/2025 2:59,632168
6/29/2025 3:59,633753
6/29/2025 4:59,635346
6/29/2025 5:59,637072
6/29/2025 6:59,638646
6/29/2025 7:59,640317
6/29/2025 8:59,641787
6/29/2025 9:59,643046
6/29/2025 10:59,644326
6/29/2025 17:28,653507
6/29/2025 18:28,654034
6/29/2025 19:28,654397
6/29/2025 20:28,654596
6/29/2025 21:28,654742
6/29/2025 21:32,654753
6/29/2025 21:35,654762
6/29/2025 21:37,654764
6/29/2025 21:38,654765
6/29/2025 22:28,654930
6/29/2025 22:32,654947
2025-06-29 23:32:03,655234
2025-06-30 00:04:45,655520
2025-06-30 01:00:04,656425
2025-06-30 02:00:02,657887
2025-06-30 02:05:36,658012
2025-06-30 03:00:02,659453
2025-06-30 03:44:20,660680
2025-06-30 03:46:59,660747
2025-06-30 03:48:47,660800
2025-06-30 03:54:14,660949
2025-06-30 03:54:22,660952
2025-06-30 03:54:52,660970
2025-06-30 03:55:07,660977
2025-06-30 03:58:43,661084
2025-06-30 03:59:31,661099
2025-06-30 04:00:18,661126
2025-06-30 04:03:40,661216
2025-06-30 04:04:52,661249
2025-06-30 04:06:01,661276
2025-06-30 04:10:47,661406
2025-06-30 04:32:07,662026
2025-06-30 04:37:02,662139
2025-06-30 05:32:06,663784
2025-06-30 06:32:04,665488
2025-06-30 07:32:04,667475
2025-06-30 08:32:04,669416
2025-06-30 09:32:04,671214
2025-06-30 10:32:03,672931
2025-06-30 11:32:04,674458
2025-06-30 12:32:04,675905
2025-06-30 13:32:04,677525
2025-06-30 14:32:04,679329
2025-06-30 15:32:03,682197
2025-06-30 16:32:04,684656
2025-06-30 17:32:05,686467
2025-06-30 18:32:04,687585
2025-06-30 19:32:04,688252
2025-06-30 20:32:04,688643
2025-06-30 21:32:04,688893
2025-06-30 22:23:55,689098
2025-06-30 22:32:05,689136
2025-06-30 23:11:07,689359
2025-06-30 23:15:03,689387
2025-07-01 04:15:04,697561
2025-07-01 05:15:04,701137
2025-07-01 06:15:04,704443
2025-07-01 07:15:04,708365
2025-07-01 08:15:06,712810
2025-07-01 09:15:04,716794
2025-07-01 10:15:04,720848
2025-07-01 11:15:04,724820
2025-07-01 12:15:06,729026
2025-07-01 13:15:04,733777
2025-07-01 14:15:04,738629
2025-07-01 15:15:04,744984
2025-07-01 16:15:04,751410
2025-07-01 17:15:04,755985
2025-07-01 18:15:08,759534
2025-07-01 19:15:04,762616
2025-07-01 19:15:40,762636
2025-07-01 20:15:05,764498
2025-07-01 21:15:03,765633
2025-07-01 22:15:04,766488
2025-07-01 23:15:03,767635
2025-07-02 00:15:04,769573
2025-07-02 01:15:08,772975
2025-07-02 02:15:04,777895
2025-07-02 03:15:05,784214
2025-07-02 04:15:05,790634
2025-07-02 05:15:05,797201
2025-07-02 06:15:06,804205
2025-07-02 07:15:04,810951
2025-07-02 08:15:05,817788
2025-07-02 09:15:04,824528
2025-07-02 10:15:04,831021
2025-07-02 11:15:05,837938
2025-07-02 12:15:05,845801
2025-07-02 13:15:05,854997
2025-07-02 14:15:07,865569
2025-07-02 15:15:04,876005
2025-07-02 16:15:04,887407
2025-07-02 17:15:04,896002
2025-07-02 18:15:07,901429
2025-07-02 19:15:04,904772
2025-07-02 20:15:05,906693
2025-07-02 21:15:05,908104
2025-07-02 22:15:05,909322
2025-07-02 23:15:03,911159
2025-07-03 00:15:04,914809
2025-07-03 01:15:05,920765
2025-07-03 02:15:05,929183
2025-07-03 03:15:08,939932
2025-07-03 04:15:05,951526
2025-07-03 05:15:05,962620
2025-07-03 06:15:07,975372
2025-07-03 07:15:08,987539
2025-07-03 08:15:08,994247
2025-07-03 09:15:14,998543
2025-07-03 10:15:22,999441
2025-07-03 11:15:21,1002362
2025-07-03 12:15:05,1011070
2025-07-03 13:15:05,1021228
2025-07-03 14:15:05,1029998
2025-07-03 15:15:05,1037861
2025-07-03 16:15:08,1044895
2025-07-03 17:15:09,1050190
2025-07-03 18:15:07,1053680
2025-07-03 19:15:05,1056140
2025-07-03 20:15:05,1057643
2025-07-03 21:15:05,1058668
2025-07-03 22:15:05,1059424
2025-07-03 23:15:05,1060466
2025-07-04 00:15:06,1062502
2025-07-04 01:15:05,1066010
2025-07-04 02:15:06,1071282
2025-07-04 03:15:05,1077127
2025-07-04 04:15:06,1083223
2025-07-04 05:15:09,1089207
2025-07-04 06:15:05,1094850
2025-07-04 07:15:05,1100205
2025-07-04 08:15:08,1104926
2025-07-04 09:15:05,1109363
2025-07-04 10:15:05,1113806
2025-07-04 11:15:05,1118002
2025-07-04 12:15:05,1122003
2025-07-04 13:15:05,1125759
2025-07-04 14:15:05,1129069
2025-07-04 15:15:05,1132013
2025-07-04 16:15:05,1134547
2025-07-04 17:15:05,1136700
2025-07-04 18:15:08,1138224
2025-07-04 19:15:05,1139315
2025-07-04 20:15:06,1139973
2025-07-04 21:15:06,1140378
2025-07-04 22:15:05,1140690
2025-07-04 23:15:03,1141054
2025-07-05 00:15:04,1141747
2025-07-05 01:15:06,1142964
2025-07-05 02:15:05,1144919
2025-07-05 03:15:05,1147584
2025-07-05 04:15:05,1150452
2025-07-05 05:15:05,1153515
2025-07-05 06:15:05,1156601
2025-07-05 07:15:06,1159461
2025-07-05 08:15:04,1161971
2025-07-05 09:15:04,1164314
2025-07-05 10:15:04,1166654
2025-07-05 11:15:04,1168883
2025-07-05 12:15:04,1171209
2025-07-05 13:15:04,1173358
2025-07-05 14:15:04,1175469
2025-07-05 15:15:04,1177386
2025-07-05 16:15:04,1179140
2025-07-05 17:15:04,1180608
2025-07-05 18:15:07,1181894
2025-07-05 19:15:04,1182784
2025-07-05 20:15:04,1183355
2025-07-05 21:15:04,1183728
2025-07-05 22:15:04,1183971
2025-07-05 23:15:02,1184202
2025-07-06 00:15:03,1184562
2025-07-06 01:15:05,1185252
2025-07-06 02:15:03,1186485
2025-07-06 03:15:03,1188371
2025-07-06 04:15:03,1190585
2025-07-06 05:15:03,1192782
2025-07-06 06:15:03,1195019
2025-07-06 07:15:03,1197037
2025-07-06 08:15:06,1198908
2025-07-06 09:15:05,1200858
2025-07-06 10:15:02,1202564
2025-07-06 11:15:02,1204208
2025-07-06 12:15:03,1205782
2025-07-06 13:15:02,1207448
2025-07-06 14:15:03,1209139
2025-07-06 15:15:02,1210695
2025-07-06 16:15:02,1212072
2025-07-06 17:15:02,1213103
2025-07-06 18:15:05,1213844
2025-07-06 19:15:02,1214256
2025-07-06 20:15:03,1214504
2025-07-06 21:15:06,1214689
2025-07-06 22:15:03,1214853
2025-07-06 23:15:03,1215057
2025-07-07 00:15:04,1215476
2025-07-07 01:15:03,1216172
2025-07-07 02:15:03,1217263
2025-07-07 03:15:04,1218676
2025-07-07 04:15:01,1220223
2025-07-07 05:15:01,1222396
2025-07-07 06:15:01,1225136
2025-07-07 07:15:04,1227560
2025-07-07 08:15:01,1229779
2025-07-07 09:15:01,1231932
2025-07-07 10:15:04,1233995
2025-07-07 11:15:01,1236003
2025-07-07 12:15:01,1237900
2025-07-07 13:15:01,1239651
2025-07-07 14:15:01,1241375
2025-07-07 15:15:01,1243086
2025-07-07 16:15:01,1244776
2025-07-07 17:15:01,1245993
2025-07-07 18:15:02,1246751
2025-07-07 19:15:02,1247216
2025-07-07 20:15:02,1247476
2025-07-07 21:15:02,1247669
2025-07-07 22:15:02,1247837
2025-07-07 23:15:02,1248060
2025-07-08 00:15:03,1248513
2025-07-08 01:15:03,1249395
2025-07-08 02:15:06,1250569
2025-07-08 03:15:03,1251940
2025-07-08 04:15:03,1253413
2025-07-08 05:15:02,1255046
2025-07-08 06:15:02,1257068
2025-07-08 07:15:05,1258837
2025-07-08 08:15:02,1260315
2025-07-08 09:15:03,1261591
2025-07-08 10:15:02,1262887
2025-07-08 11:15:03,1264254
2025-07-08 12:15:03,1265668
2025-07-08 13:15:02,1267236
2025-07-08 14:15:05,1268710
2025-07-08 15:15:02,1270145
2025-07-08 16:15:03,1271448
2025-07-08 17:15:02,1272456
2025-07-08 18:15:02,1273104
2025-07-08 19:15:02,1273504
2025-07-08 20:15:03,1273774
2025-07-08 21:15:02,1273948
2025-07-08 22:15:03,1274096
2025-07-08 23:15:03,1274293
2025-07-09 00:15:03,1274634
2025-07-09 01:15:03,1275343
2025-07-09 02:15:03,1276369
2025-07-09 03:15:05,1277671
2025-07-09 04:15:03,1278937
2025-07-09 05:15:03,1280275
2025-07-09 06:15:03,1281711
2025-07-09 07:15:05,1283217
2025-07-09 08:15:03,1284558
2025-07-09 09:15:03,1285827
2025-07-09 10:15:03,1287032
2025-07-09 11:15:02,1288143
2025-07-09 12:15:03,1289256
2025-07-09 13:15:03,1290561
2025-07-09 14:15:03,1291497
2025-07-09 15:15:03,1292448
2025-07-09 16:15:05,1293219
2025-07-09 17:15:03,1293841
2025-07-09 18:15:03,1294268
2025-07-09 19:15:03,1294571
2025-07-09 20:15:03,1294755
2025-07-09 21:15:03,1294844
2025-07-09 22:15:03,1294917
2025-07-09 23:15:02,1295036
2025-07-10 00:15:03,1295264
2025-07-10 01:15:03,1295679
2025-07-10 02:15:02,1296307
2025-07-10 03:15:05,1297075
2025-07-10 04:15:03,1297835
2025-07-10 05:15:02,1298682
2025-07-10 06:15:02,1299584
2025-07-10 07:15:04,1300406
2025-07-10 08:15:02,1301177
2025-07-10 09:15:03,1301920
2025-07-10 10:15:03,1302716
2025-07-10 11:15:03,1303728
2025-07-10 12:15:03,1304693
2025-07-10 13:15:03,1305718
2025-07-10 14:15:03,1306598
2025-07-10 15:15:04,1307405
2025-07-10 16:15:03,1308122
2025-07-10 17:15:03,1308635
2025-07-10 18:15:05,1309057
2025-07-10 19:15:03,1309327
2025-07-10 20:15:06,1309447
2025-07-10 21:15:01,1309548
2025-07-10 22:15:02,1309621
2025-07-10 23:15:01,1309714
2025-07-11 00:15:03,1309902
2025-07-11 01:15:03,1310307
2025-07-11 02:15:03,1311138
2025-07-11 03:15:03,1311848
2025-07-11 04:15:03,1312546
2025-07-11 05:15:03,1313280
2025-07-11 06:15:06,1314003
2025-07-11 07:15:03,1314658
2025-07-11 08:15:03,1315344
2025-07-11 09:15:03,1316042
2025-07-11 10:15:03,1316692
2025-07-11 11:15:03,1317335
2025-07-11 12:15:03,1317950
2025-07-11 13:15:03,1318485
2025-07-11 14:15:03,1319162
2025-07-11 15:15:03,1319722
2025-07-11 16:15:03,1320207
2025-07-11 17:15:03,1320581
2025-07-11 18:15:03,1320826
2025-07-11 19:15:06,1321003
2025-07-11 20:15:04,1321110
2025-07-11 21:15:01,1321193
2025-07-11 22:15:01,1321233
2025-07-11 23:15:02,1321296
2025-07-12 00:15:03,1321437
2025-07-12 01:15:03,1321678
2025-07-12 02:15:03,1322111
2025-07-12 03:15:03,1322658
2025-07-12 06:15:04,1324677
2025-07-12 07:15:04,1325383
2025-07-12 08:15:08,1325962
2025-07-13 01:15:05,1331495
2025-07-13 02:15:02,1331796
2025-07-13 03:15:01,1332211
2025-07-13 04:15:02,1332730
2025-07-13 05:15:01,1333345
2025-07-13 06:15:01,1333969
2025-07-13 07:15:04,1334575
2025-07-13 08:15:01,1335157
2025-07-13 09:15:01,1335721
2025-07-13 10:15:01,1336202
2025-07-13 11:15:01,1336654
2025-07-13 12:15:01,1337130
2025-07-13 13:15:04,1337620
2025-07-13 14:15:02,1338039
2025-07-13 15:15:01,1338470
2025-07-13 16:15:01,1338859
2025-07-13 17:15:03,1339162
2025-07-13 18:15:02,1339394
2025-07-13 19:15:02,1339554
2025-07-13 20:15:03,1339659
2025-07-13 21:15:02,1339712
2025-07-13 22:15:03,1339763
2025-07-13 23:15:03,1339826
2025-07-14 00:15:04,1339942
2025-07-14 01:15:06,1340180
2025-07-14 02:15:04,1340559
2025-07-14 03:15:04,1341041
2025-07-14 04:15:04,1341684
2025-07-14 05:15:04,1342372
2025-07-14 06:15:04,1343076
2025-07-14 07:15:06,1343809
2025-07-14 08:15:04,1344673
2025-07-14 09:15:04,1345461
2025-07-14 10:15:04,1346228
2025-07-14 11:15:04,1346847
2025-07-14 12:15:04,1347847
2025-07-14 13:15:04,1348825
2025-07-14 14:15:04,1349680
2025-07-14 15:15:07,1350452
2025-07-14 16:15:04,1351166
2025-07-14 17:15:04,1351672
2025-07-14 18:15:04,1352001
2025-07-14 19:15:04,1352220
2025-07-14 20:15:04,1352368
2025-07-14 21:15:03,1352470
2025-07-14 22:15:02,1352542
2025-07-14 23:15:02,1352636
2025-07-15 00:15:03,1352818
2025-07-15 01:15:03,1353119
2025-07-15 02:15:03,1353558
2025-07-15 03:15:06,1354046
2025-07-15 04:15:03,1354614
2025-07-15 05:15:03,1355226
2025-07-15 06:15:05,1355868
2025-07-15 07:15:03,1356500
2025-07-15 08:15:03,1357161
2025-07-15 09:15:03,1357759
2025-07-15 10:15:03,1358318
2025-07-15 11:15:03,1358865
2025-07-15 12:15:03,1359388
2025-07-15 13:15:03,1359871
2025-07-15 14:15:03,1360365
2025-07-15 15:15:03,1360844
2025-07-15 16:15:06,1361298
2025-07-15 17:15:03,1361620
2025-07-15 18:15:03,1361828
2025-07-15 19:15:04,1361974
2025-07-15 20:15:03,1362076
2025-07-15 21:15:03,1362131
2025-07-15 22:15:04,1362181
2025-07-15 23:15:07,1362241
2025-07-16 00:15:04,1362379
2025-07-16 01:15:04,1362576
2025-07-16 02:15:04,1362870
2025-07-16 03:15:03,1363240
2025-07-16 04:15:03,1363650
2025-07-16 05:15:04,1364052
2025-07-16 06:15:06,1364480
2025-07-16 07:15:03,1364879
2025-07-16 08:15:03,1365238
2025-07-16 09:15:03,1365617
2025-07-16 10:15:03,1365968
2025-07-16 11:15:03,1366335
2025-07-16 12:15:06,1366714
2025-07-16 13:15:03,1367098
2025-07-16 14:15:03,1367461
2025-07-16 15:15:03,1367789
2025-07-16 16:15:03,1368123
2025-07-16 17:15:04,1368349
2025-07-16 18:15:03,1368529
2025-07-16 19:15:03,1368640
2025-07-16 20:15:06,1368774
2025-07-16 21:15:04,1368844
2025-07-16 22:15:04,1368894
2025-07-16 23:15:02,1368945
2025-07-17 00:15:03,1369047
2025-07-17 01:15:06,1369216
2025-07-17 02:15:03,1369528
2025-07-17 03:15:03,1369946
2025-07-17 04:15:03,1370382
2025-07-17 05:15:03,1370830
2025-07-17 06:15:05,1371515
2025-07-17 07:15:03,1372193
2025-07-17 08:15:02,1372740
2025-07-17 09:15:03,1373312
2025-07-17 10:15:03,1373876
2025-07-17 11:15:03,1374379
2025-07-17 12:15:03,1374856
2025-07-17 13:15:05,1375307
2025-07-17 14:15:03,1375774
2025-07-17 15:15:02,1376350
2025-07-17 16:15:03,1376974
2025-07-17 17:15:03,1377433
2025-07-17 18:15:03,1377756
2025-07-17 19:15:03,1377941
2025-07-17 20:15:05,1378075
2025-07-17 21:15:03,1378146
2025-07-17 22:15:03,1378196
2025-07-17 23:15:02,1378254
2025-07-18 00:15:03,1378339
2025-07-18 01:15:03,1378504
2025-07-18 02:15:06,1378785
2025-07-18 03:15:03,1379168
2025-07-18 04:15:02,1379652
2025-07-18 05:15:03,1380168
2025-07-18 06:15:05,1380645
2025-07-18 07:15:03,1381114
2025-07-18 08:15:03,1381507
2025-07-18 09:15:03,1381895
2025-07-18 10:15:03,1382234
2025-07-18 11:15:02,1382598
2025-07-18 12:15:02,1383132
2025-07-18 13:15:03,1384649
2025-07-18 14:15:05,1385637
2025-07-18 15:15:03,1386475
2025-07-18 16:15:03,1387225
2025-07-18 17:15:03,1387835
2025-07-18 18:15:03,1388232
2025-07-18 19:15:03,1388496
2025-07-18 20:15:05,1388666
2025-07-18 21:15:03,1388777
2025-07-18 22:15:03,1388842
2025-07-18 23:15:03,1388900
2025-07-19 00:15:03,1388989
2025-07-19 01:15:03,1389190
2025-07-19 03:15:04,1389937
2025-07-19 04:15:05,1390444
2025-07-19 05:15:02,1391005
2025-07-19 06:15:05,1391470
2025-07-19 07:15:02,1391947
2025-07-19 08:15:02,1392430
2025-07-19 09:15:02,1392829
2025-07-19 10:15:02,1393233
2025-07-19 11:15:02,1393599
2025-07-19 12:15:02,1393941
2025-07-19 13:15:02,1394255
2025-07-19 14:15:02,1394575
2025-07-19 15:15:05,1394885
2025-07-19 16:15:02,1395159
2025-07-19 17:15:02,1395422
2025-07-19 18:15:02,1395636
2025-07-19 19:15:03,1395793
2025-07-19 20:15:02,1395892
2025-07-19 21:15:02,1395960
2025-07-19 22:15:02,1396003
2025-07-19 23:15:03,1396041
2025-07-20 00:15:03,1396102
2025-07-20 01:15:03,1396176
2025-07-20 02:15:03,1396329
2025-07-20 03:15:03,1396586
2025-07-20 04:15:06,1396913
2025-07-20 05:15:03,1397251
2025-07-20 06:15:06,1397609
2025-07-20 07:15:04,1397965
2025-07-20 08:15:04,1398302
2025-07-20 09:15:03,1398633
2025-07-20 10:15:04,1398977
2025-07-20 11:15:03,1399344
2025-07-20 12:15:03,1399681
2025-07-20 13:15:03,1400040
2025-07-20 14:15:03,1400425
2025-07-20 15:15:03,1400848
2025-07-20 16:15:06,1401168
2025-07-20 17:15:03,1401436
2025-07-20 18:15:03,1401623
2025-07-20 19:15:04,1401724
2025-07-20 20:15:03,1401818
2025-07-20 21:15:02,1401870
2025-07-20 22:15:02,1401913
2025-07-20 23:15:02,1401967
2025-07-21 00:15:02,1402054
2025-07-21 01:15:03,1402210
2025-07-21 02:15:03,1402457
2025-07-21 03:15:04,1402819
2025-07-21 04:15:04,1403198
2025-07-21 05:15:01,1403624
2025-07-21 06:15:01,1404026
2025-07-21 07:15:04,1404566
2025-07-21 08:15:01,1405021
2025-07-21 09:15:02,1405461
2025-07-21 10:15:01,1405916
2025-07-21 11:15:01,1406315
2025-07-21 12:15:01,1406802
2025-07-21 13:15:01,1407275
2025-07-21 14:15:01,1407686
2025-07-21 15:15:01,1408092
2025-07-21 16:15:04,1408425
2025-07-21 17:15:01,1408745
2025-07-21 18:15:01,1408982
2025-07-21 19:15:01,1409109
2025-07-21 20:15:01,1409196
2025-07-21 21:15:01,1409250
2025-07-21 22:15:01,1409294
2025-07-21 23:15:02,1409347
2025-07-22 00:15:03,1409454
2025-07-22 01:15:03,1409607
2025-07-23 20:37:09,1419223
2025-07-23 21:15:04,1419252
2025-07-23 21:37:05,1419271
2025-07-23 22:15:04,1419304
2025-07-23 22:37:06,1419321
2025-07-23 23:15:02,1419354
2025-07-23 23:37:05,1419372
2025-07-24 00:15:03,1419427
2025-07-24 00:37:06,1419477
2025-07-24 01:15:03,1419555
2025-07-24 04:15:05,1420425
2025-07-24 05:15:02,1420739
2025-07-24 06:15:01,1421168
2025-07-24 07:15:05,1421649
2025-07-24 08:15:04,1421987
2025-07-24 09:15:04,1422320
2025-07-24 10:15:01,1422649
2025-07-24 11:15:02,1422938
2025-07-24 12:15:01,1423196
2025-07-24 13:15:01,1423485
2025-07-24 14:15:01,1423801
2025-07-24 15:15:01,1424107
2025-07-24 16:15:01,1424379
2025-07-24 17:15:01,1424555
2025-07-25 15:38:34,1427774
2025-07-25 16:15:05,1427877
2025-07-25 16:38:30,1427922
2025-07-25 17:15:01,1428001
2025-07-25 18:15:05,1428094
2025-07-25 19:15:01,1428164
2025-07-25 20:15:01,1428207
2025-07-25 21:15:02,1428234
2025-07-25 22:15:01,1428251
2025-07-25 23:15:01,1428270
2025-07-26 00:15:03,1428310
2025-07-26 01:15:03,1428367
2025-07-26 02:15:03,1428473
2025-07-26 03:15:03,1428621
2025-07-26 04:15:08,1428797
2025-07-26 05:15:05,1428968
2025-07-26 06:15:03,1429178
2025-07-26 07:15:03,1429467
2025-07-26 08:15:03,1429708
2025-07-26 09:15:03,1429951
2025-07-26 10:15:03,1430174
2025-07-26 11:15:03,1430387
2025-07-26 12:15:03,1430616
2025-07-26 13:15:03,1430813
2025-07-26 14:15:03,1431003
2025-07-26 15:15:03,1431179
2025-07-26 16:15:03,1431333
2025-07-26 17:15:05,1431451
2025-07-26 18:15:04,1431566
2025-07-26 19:15:02,1431640
2025-07-26 20:15:01,1431692
2025-07-26 21:15:02,1431733
2025-07-26 22:15:02,1431748
2025-07-26 23:15:01,1431771
2025-07-27 00:15:03,1431793
2025-07-27 01:15:04,1431857
2025-07-27 02:15:03,1431972
2025-07-27 03:15:03,1432134
2025-07-27 04:15:04,1432311
2025-07-27 05:15:04,1432519
2025-07-27 06:15:03,1432709
2025-07-27 07:15:06,1432886
2025-07-27 08:15:03,1433080
2025-07-27 09:15:03,1433227
2025-07-27 10:15:03,1433402
2025-07-27 11:15:03,1433587
2025-07-27 12:15:03,1433762
2025-07-27 13:15:03,1433934
2025-07-27 14:15:03,1434121
2025-07-27 15:15:03,1434266
2025-07-27 16:15:03,1434424
2025-07-27 17:15:03,1434526
2025-07-27 18:15:05,1434611
2025-07-27 19:15:06,1434665
2025-07-27 20:15:03,1434690
2025-07-27 21:15:05,1434716
2025-07-27 22:15:05,1434738
2025-07-27 23:15:05,1434760
2025-07-28 00:15:04,1434804
2025-07-28 01:15:04,1434865
2025-07-28 02:15:04,1434973
2025-07-28 03:15:04,1435097
2025-07-28 04:15:11,1435226
2025-07-28 05:15:03,1435416
2025-07-28 06:15:03,1435593
2025-07-28 07:15:05,1435751
2025-07-28 08:15:03,1435919
2025-07-28 09:15:03,1436026
2025-07-28 10:15:03,1436191
2025-07-28 11:15:03,1436324
2025-07-28 12:15:04,1436483
2025-07-28 13:15:03,1436614
2025-07-28 14:15:03,1436722
2025-07-28 15:15:03,1436848
2025-07-28 16:15:03,1436958
2025-07-28 17:15:03,1437066
2025-07-28 19:15:04,1437182
2025-07-28 20:15:05,1437209
2025-07-28 21:15:01,1437218
2025-07-28 22:15:01,1437232
2025-07-28 23:15:02,1437243
2025-07-29 00:15:06,1437272
2025-07-29 01:15:03,1437326
2025-07-29 02:15:04,1437397
2025-07-29 03:15:03,1437499
2025-07-29 04:15:04,1437625
2025-07-29 05:15:03,1437745
2025-07-29 06:15:03,1437867
2025-07-29 07:15:06,1438013
2025-07-29 08:15:03,1438144
2025-07-29 09:15:03,1438265
2025-07-29 10:15:03,1438387
2025-07-29 11:15:03,1438568
2025-07-29 12:15:05,1438820
2025-07-29 13:15:05,1439062
2025-07-29 14:15:05,1439255
2025-07-29 15:15:05,1439478
2025-07-29 16:15:05,1439684
2025-07-29 17:15:06,1439811
2025-07-29 18:15:03,1439897
2025-07-29 19:15:05,1439952
2025-07-29 20:15:06,1439974
2025-07-29 21:15:05,1439994
2025-07-29 22:15:05,1440014
2025-07-29 23:15:03,1440040
2025-07-30 00:15:05,1440083
2025-07-30 01:15:05,1440158
2025-07-30 02:15:06,1440273
2025-07-30 03:15:05,1440417
2025-07-30 04:15:05,1440593
2025-07-30 05:15:05,1440792
2025-07-30 06:15:05,1441061
2025-07-30 07:15:06,1441330
2025-07-30 08:15:05,1441581
2025-07-30 09:15:05,1441800
2025-07-30 10:15:05,1441988
2025-07-30 11:15:05,1442203
2025-07-30 12:15:05,1442416
2025-07-30 13:15:05,1442593
2025-07-30 14:15:05,1442788
2025-07-30 15:15:03,1442962
2025-07-30 16:15:03,1443167
2025-07-30 17:15:03,1443333
2025-07-30 18:15:03,1443424
2025-07-30 19:15:03,1443482
2025-07-30 20:15:06,1443552
2025-07-30 21:15:03,1443591
2025-07-30 22:15:04,1443623
2025-07-30 23:15:03,1443666
2025-07-31 00:15:04,1443733
2025-07-31 01:15:04,1443852
2025-07-31 02:15:04,1444048
2025-07-31 03:15:05,1444245
2025-07-31 04:15:03,1444478
2025-07-31 05:15:03,1444698
2025-07-31 06:15:03,1444943
2025-07-31 07:15:03,1445148
2025-07-31 08:15:05,1445380
2025-07-31 09:15:03,1445615
2025-07-31 10:15:03,1445968
2025-07-31 11:15:03,1446355
2025-07-31 12:15:03,1446649
2025-07-31 13:15:03,1446976
2025-07-31 14:15:03,1447304
2025-07-31 15:15:03,1447675
2025-07-31 16:15:03,1448019
2025-07-31 17:15:03,1448271
2025-07-31 18:15:03,1448271
2025-07-31 19:15:03,1448271
2025-07-31 20:15:05,1448271
2025-07-31 21:15:04,1448271
2025-07-31 22:15:04,1448271
2025-07-31 23:15:03,1448271
2025-08-01 00:15:04,1448271
2025-08-01 01:15:04,1448271
2025-08-01 02:15:04,1448271
2025-08-01 03:15:04,1448271
2025-08-01 04:15:07,1448271
2025-08-01 05:15:04,1448271
2025-08-01 06:15:03,1448271
2025-08-01 07:15:04,1448271
2025-08-01 08:15:04,1448271
2025-08-01 09:15:05,1448271
2025-08-01 10:15:03,1448271
2025-08-01 11:15:03,1448271
2025-08-01 12:15:03,1448271
2025-08-01 13:15:03,1448271
2025-08-01 14:15:03,1448271
2025-08-01 15:15:03,1448271
2025-08-01 16:15:03,1448271
2025-08-01 17:15:03,1448271
2025-08-01 18:15:03,1448271
2025-08-01 19:15:04,1448271
2025-08-01 20:15:07,1448271
2025-08-01 21:15:04,1448271
2025-08-01 22:15:04,1448271
2025-08-01 23:15:03,1448271
2025-08-02 00:15:04,1448271
2025-08-02 01:15:04,1448271
2025-08-02 02:15:04,1448271
2025-08-02 03:15:04,1448271
2025-08-02 04:15:03,1448271
2025-08-02 05:15:06,1448271
2025-08-02 06:15:05,1448271
2025-08-02 07:15:03,1448271
2025-08-02 08:15:03,1448271
2025-08-02 09:15:03,1448271
2025-08-02 10:15:05,1448271
2025-08-02 11:15:04,1448271
2025-08-02 12:15:03,1448271
2025-08-02 13:15:03,1448271
2025-08-02 14:15:03,1448271
2025-08-02 15:15:04,1448271
2025-08-02 16:15:04,1448271
2025-08-02 17:15:03,1448271
2025-08-02 18:15:03,1448271
2025-08-02 19:15:04,1448271
2025-08-02 20:15:05,1448271
2025-08-02 21:15:03,1448271
2025-08-02 22:15:04,1448271
2025-08-02 23:15:04,1448271
2025-08-03 00:15:04,1448271
2025-08-03 01:15:04,1448271
2025-08-03 02:15:04,1448271
2025-08-03 03:15:03,1448271
2025-08-03 04:15:05,1448271
2025-08-03 05:15:04,1448271
2025-08-03 06:15:04,1448271
2025-08-03 07:15:03,1448271
2025-08-03 08:15:03,1448271
2025-08-03 09:15:03,1448271
2025-08-03 10:15:03,1448271
2025-08-03 11:15:05,1448271
2025-08-03 12:15:03,1448271
2025-08-03 13:15:03,1448271
2025-08-03 14:15:03,1448271
2025-08-03 15:15:03,1448271
2025-08-03 16:15:03,1448271
2025-08-03 17:15:03,1448271
2025-08-03 18:15:04,1448271
2025-08-03 19:15:04,1448271
2025-08-03 20:15:08,1448271
2025-08-03 21:15:04,1448271
2025-08-03 22:15:04,1448271
2025-08-03 23:15:03,1448271
2025-08-04 00:15:07,1448271
2025-08-04 01:15:04,1448271
2025-08-04 02:15:04,1448271
2025-08-04 03:15:03,1448271
2025-08-04 04:15:04,1448271
2025-08-04 05:15:04,1448271
2025-08-04 06:15:04,1448271
2025-08-04 07:15:04,1448271
2025-08-04 08:15:04,1448271
2025-08-04 09:15:04,1448271
2025-08-04 10:15:04,1448271
2025-08-04 11:15:04,1448271
2025-08-04 12:15:04,1448271
2025-08-04 13:15:06,1448271
2025-08-04 14:15:03,1448271
2025-08-04 15:15:03,1448271
2025-08-04 16:15:03,1448271
2025-08-04 17:15:04,1448271
2025-08-04 18:15:03,1448271
2025-08-04 19:15:03,1448271
2025-08-04 20:15:06,1448271
2025-08-04 21:15:04,1448271
2025-08-04 22:15:04,1448271
2025-08-04 23:15:03,1448271
2025-08-05 00:15:06,1448271
2025-08-05 01:15:03,1448271
2025-08-05 02:15:07,1448271
2025-08-05 03:15:03,1448271
2025-08-05 04:15:03,1448271
2025-08-05 05:15:01,1448271
2025-08-05 06:15:01,1448271
2025-08-05 07:15:01,1448271
2025-08-05 08:15:01,1448271
2025-08-05 09:15:01,1448271
2025-08-05 10:15:01,1448271
2025-08-05 11:15:01,1448271
2025-08-05 12:15:01,1448271
2025-08-05 13:15:02,1448271
2025-08-05 14:15:04,1448271
2025-08-05 15:15:01,1448271
2025-08-05 16:15:01,1448271
2025-08-05 17:15:01,1448271
2025-08-05 18:15:01,1448271
2025-08-05 19:15:01,1448271
2025-08-05 20:15:01,1448271
2025-08-05 21:15:03,1448271
2025-08-05 22:15:03,1448271
2025-08-05 23:15:01,1448271
2025-08-06 00:15:03,1448271
2025-08-06 01:15:03,1448271
2025-08-06 02:15:03,1448271
2025-08-06 03:15:05,1448271
2025-08-06 04:15:07,1448271
2025-08-06 05:15:03,1448271
2025-08-06 06:15:03,1448271
2025-08-06 07:15:03,1448271
2025-08-06 08:15:03,1448271
2025-08-06 09:15:03,1448271
2025-08-06 10:15:03,1448271
2025-08-06 11:15:04,1448271
2025-08-06 12:15:04,1448271
2025-08-06 13:15:04,1448271
2025-08-06 14:15:04,1448271
2025-08-06 15:15:04,1448271
2025-08-06 16:15:04,1448271
2025-08-06 17:15:05,1448271
2025-08-06 18:15:03,1448271
2025-08-06 19:15:03,1448271
2025-08-06 20:15:03,1448271
2025-08-06 21:15:03,1448271
2025-08-06 22:15:03,1448271
2025-08-06 23:15:03,1448271
2025-08-07 00:15:06,1448271
2025-08-07 01:15:03,1448271
2025-08-07 02:15:03,1448271
2025-08-07 03:15:04,1448271
2025-08-07 04:15:07,1448271
2025-08-07 05:15:05,1448271
2025-08-07 06:15:03,1448271
2025-08-07 07:15:03,1448271
2025-08-07 08:15:03,1448271
2025-08-07 09:15:03,1448271
2025-08-07 10:15:03,1448271
2025-08-07 11:15:03,1448271
2025-08-07 12:15:03,1448271
2025-08-07 13:15:03,1448271
2025-08-07 14:15:03,1448271
2025-08-07 15:15:03,1448271
2025-08-07 16:15:03,1448271
2025-08-07 17:15:03,1448271
2025-08-07 18:15:05,1448271
2025-08-07 19:15:03,1448271
2025-08-07 20:15:03,1448271
2025-08-07 21:15:03,1448271
2025-08-07 22:15:03,1448271
2025-08-07 23:15:02,1448271
2025-08-08 00:15:03,1448271
2025-08-08 01:15:03,1448271
2025-08-08 02:15:03,1448271
2025-08-08 03:15:03,1448271
2025-08-08 04:15:05,1448271
2025-08-08 05:15:03,1448271
2025-08-08 06:15:03,1448271
2025-08-08 07:15:03,1448271
2025-08-08 08:15:06,1448271
2025-08-08 09:15:03,1448271
2025-08-08 10:15:03,1448271
2025-08-08 11:15:03,1448271
2025-08-08 12:15:03,1448271
2025-08-08 13:15:03,1448271
2025-08-08 14:15:03,1448271
2025-08-08 15:15:03,1448271
2025-08-08 16:15:03,1448271
2025-08-08 17:15:03,1448271
2025-08-08 18:15:03,1448271
2025-08-08 19:15:03,1448271
2025-08-08 20:15:05,1448271
2025-08-08 21:15:03,1448271
2025-08-08 22:15:03,1448271
2025-08-08 23:15:02,1448271
2025-08-09 00:15:03,1448271
2025-08-09 01:15:03,1448271
2025-08-09 02:15:03,1448271
2025-08-09 03:15:04,1448271
2025-08-09 04:15:05,1448271
2025-08-09 05:15:03,1448271
2025-08-09 06:15:03,1448271
2025-08-09 07:15:03,1448271
2025-08-09 08:15:03,1448271
2025-08-09 09:15:05,1448271
2025-08-09 10:15:03,1448271
2025-08-09 11:15:03,1448271
2025-08-09 12:15:03,1448271
2025-08-09 13:15:03,1448271
2025-08-09 14:15:03,1448271
2025-08-09 15:15:03,1448271
2025-08-09 16:15:03,1448271
2025-08-09 17:15:03,1448271
2025-08-09 18:15:03,1448271
2025-08-09 19:15:03,1448271
2025-08-09 20:15:05,1448271
2025-08-09 21:15:03,1448271
2025-08-09 22:15:03,1448271
2025-08-09 23:15:03,1448271
2025-08-10 00:15:03,1448271
2025-08-10 01:15:03,1448271
2025-08-10 02:15:03,1448271
2025-08-10 03:15:03,1448271
2025-08-10 04:15:04,1448271
2025-08-10 05:15:03,1448271
2025-08-10 06:15:05,1448271
2025-08-10 07:15:03,1448271
2025-08-10 08:15:03,1448271
2025-08-10 09:15:05,1448271
2025-08-10 10:15:03,1448271
2025-08-10 11:15:03,1448271
2025-08-10 12:15:03,1448271
2025-08-10 13:15:03,1448271
2025-08-10 14:15:03,1448271
2025-08-10 15:15:03,1448271
2025-08-10 16:15:03,1448271
2025-08-10 17:15:03,1448271
2025-08-10 18:15:04,1448271
2025-08-10 19:15:04,1448271
2025-08-10 20:15:03,1448271
2025-08-10 21:15:05,1448271
2025-08-10 22:15:03,1448271
2025-08-10 23:15:03,1448271
2025-08-11 00:15:03,1448271
2025-08-11 01:15:05,1448271
2025-08-11 02:15:03,1448271
2025-08-11 03:15:06,1448271
2025-08-11 07:15:12,1448271
2025-08-11 08:15:22,1448271
2025-08-11 09:15:23,1448271
2025-08-11 10:15:14,1448271
2025-08-11 11:15:24,1448271
2025-08-11 12:15:16,1448271
2025-08-11 13:15:35,1448271
2025-08-11 14:15:11,1448271
2025-08-11 15:15:12,1448271
2025-08-11 16:15:12,1448271
2025-08-11 17:15:16,1448271
2025-08-11 18:15:02,1448271
2025-08-11 19:15:04,1448271
2025-08-11 20:15:02,1448271
2025-08-11 21:15:02,1448271
2025-08-11 22:15:05,1448271
2025-08-11 23:15:02,1448271
2025-08-12 00:15:03,1448271
2025-08-12 01:15:07,1448271
2025-08-12 02:15:03,1448271
2025-08-12 03:15:03,1448271
2025-08-12 04:15:03,1448271
2025-08-12 05:15:05,1448271
2025-08-12 06:15:03,1448271
2025-08-12 07:15:03,1448271
2025-08-12 08:15:02,1448271
2025-08-12 09:15:03,1448271
2025-08-12 10:15:05,1448271
2025-08-12 11:15:02,1448271
2025-08-12 12:15:03,1448271
2025-08-12 13:15:03,1448271
2025-08-12 14:15:03,1448271
2025-08-12 15:15:03,1448271
2025-08-12 16:15:03,1448271
2025-08-12 17:15:03,1448271
2025-08-12 18:15:03,1448271
2025-08-12 19:15:03,1448271
2025-08-12 20:15:03,1448271
2025-08-12 21:15:03,1448271
2025-08-12 22:15:03,1448271
2025-08-12 23:15:03,1448271
2025-08-13 00:15:03,1448271
2025-08-13 01:15:07,1448271
2025-08-13 02:15:03,1448271
2025-08-13 20:15:05,1448271
2025-08-13 21:15:05,1448271
2025-08-13 22:15:02,1448271
2025-08-13 23:15:02,1448271
2025-08-14 00:15:03,1448271
2025-08-14 01:15:03,1448271
2025-08-14 02:15:03,1448271
2025-08-14 03:15:03,1448271
2025-08-14 04:15:04,1448271
2025-08-14 05:15:04,1448271
2025-08-14 06:15:04,1448271
2025-08-14 07:15:03,1448271
2025-08-14 08:15:03,1448271
2025-08-14 09:15:06,1448271
2025-08-14 10:15:04,1448271
2025-08-14 11:15:04,1448271
2025-08-14 12:15:04,1448271
2025-08-14 13:15:04,1448271
2025-08-14 14:15:04,1448271
2025-08-14 15:15:04,1448271
2025-08-14 16:15:04,1448271
2025-08-14 17:15:04,1448271
2025-08-14 18:15:03,1448271
2025-08-14 19:15:03,1448271
2025-08-14 20:15:03,1448271
2025-08-14 21:15:07,1448271
2025-08-14 22:15:07,1448271
2025-08-14 23:15:03,1448271
2025-08-15 00:15:03,1448271
2025-08-15 01:15:04,1448271
2025-08-15 02:15:04,1448271
2025-08-15 03:15:03,1448271
2025-08-15 04:15:03,1448271
2025-08-15 05:15:06,1448271
2025-08-15 06:15:03,1448271
2025-08-15 07:15:04,1448271
2025-08-15 08:15:03,1448271
2025-08-15 09:15:06,1448271
2025-08-15 10:15:03,1448271
2025-08-15 11:15:04,1448271
2025-08-15 12:15:03,1448271
2025-08-15 13:15:03,1448271
2025-08-15 14:15:03,1448271
2025-08-15 15:15:04,1448271
2025-08-15 16:15:03,1448271
2025-08-15 17:15:04,1448271
2025-08-15 18:15:03,1448271
2025-08-15 20:15:06,1448271
2025-08-15 21:15:02,1448271
2025-08-15 22:15:02,1448271
2025-08-15 23:15:02,1448271
2025-08-16 00:15:03,1448271
2025-08-16 01:15:03,1448271
2025-08-16 02:15:03,1448271
2025-08-16 03:15:03,1448271
2025-08-16 04:15:03,1448271
2025-08-16 05:15:06,1448271
2025-08-16 06:15:03,1448271
2025-08-16 07:15:03,1448271
2025-08-16 08:15:05,1448271
2025-08-16 09:15:03,1448271
2025-08-16 10:15:03,1448271
2025-08-16 11:15:03,1448271
2025-08-16 12:15:03,1448271
2025-08-16 13:15:03,1448271
2025-08-16 14:15:03,1448271
2025-08-16 15:15:03,1448271
2025-08-16 16:15:03,1448271
2025-08-16 17:15:03,1448271
2025-08-16 18:15:06,1448271
2025-08-16 19:15:03,1448271
2025-08-16 20:15:03,1448271
2025-08-16 21:15:03,1448271
2025-08-16 22:15:03,1448271
2025-08-16 23:15:03,1448271
2025-08-17 00:15:03,1448271
2025-08-17 01:15:03,1448271
2025-08-17 02:15:03,1448271
2025-08-17 03:15:03,1448271
2025-08-17 04:15:03,1448271
2025-08-17 05:15:03,1448271
2025-08-17 06:15:05,1448271
2025-08-17 07:15:03,1448271
2025-08-17 08:15:03,1448271
2025-08-17 09:15:03,1448271
2025-08-17 10:15:03,1448271
2025-08-17 11:15:03,1448271
2025-08-17 12:15:03,1448271
2025-08-17 13:15:03,1448271
2025-08-17 14:15:03,1448271
2025-08-17 15:15:03,1448271
2025-08-17 16:15:03,1448271
2025-08-17 17:15:03,1448271
2025-08-17 18:15:07,1448271
2025-08-17 19:15:03,1448271
2025-08-17 20:15:06,1448271
2025-08-17 21:15:03,1448271
2025-08-17 22:15:04,1448271
2025-08-17 23:15:03,1448271
2025-08-18 00:15:04,1448271
2025-08-18 01:15:04,1448271
2025-08-18 02:15:04,1448271
2025-08-18 03:15:05,1448271
2025-08-18 04:15:05,1448271
2025-08-18 05:15:06,1448271
2025-08-18 06:15:07,1448271
2025-08-18 07:15:06,1448271
2025-08-18 08:15:04,1448271
2025-08-18 09:15:04,1448271
2025-08-18 10:15:06,1448271
2025-08-18 11:15:04,1448271
2025-08-18 12:15:04,1448271
2025-08-18 13:15:03,1448271
2025-08-18 14:15:06,1448271
2025-08-18 15:15:04,1448271
2025-08-18 16:15:03,1448271
2025-08-18 17:15:04,1448271
2025-08-18 18:15:06,1448271
2025-08-18 19:15:04,1448271
2025-08-18 20:15:04,1448271
2025-08-18 21:15:04,1448271
2025-08-18 22:15:04,1448271
2025-08-18 23:15:03,1448271
2025-08-19 00:15:04,1448271
2025-08-19 01:15:04,1448271
2025-08-19 02:15:04,1448271
2025-08-19 03:15:04,1448271
2025-08-19 04:15:04,1448271
2025-08-19 05:15:06,1448271
2025-08-19 06:15:03,1448271
2025-08-19 07:15:03,1448271
2025-08-19 08:15:03,1448271
2025-08-19 16:15:05,1448271
2025-08-19 17:15:01,1448271
2025-08-19 18:15:03,1448271
2025-08-19 19:15:06,1448271
2025-08-19 20:15:02,1448271
2025-08-19 21:15:02,1448271
2025-08-19 22:15:02,1448271
2025-08-19 23:15:02,1448271
2025-08-20 00:15:04,1448271
2025-08-20 01:15:04,1448271
2025-08-20 02:15:04,1448271
2025-08-20 03:15:03,1448271
2025-08-20 04:15:03,1448271
2025-08-20 05:15:03,1448271
2025-08-20 06:15:06,1448271
2025-08-20 07:15:03,1448271
2025-08-20 08:15:05,1448271
2025-08-20 09:15:03,1448271
2025-08-20 10:15:03,1448271
2025-08-20 11:15:03,1448271
2025-08-20 12:15:03,1448271
2025-08-20 13:15:03,1448271
2025-08-20 14:15:03,1448271
2025-08-20 15:15:03,1448271
2025-08-20 16:15:06,1448271
2025-08-20 17:15:04,1448271
2025-08-20 18:15:04,1448271
2025-08-20 19:15:03,1448271
2025-08-20 20:15:15,1448271
2025-08-20 21:15:03,1448271
2025-08-20 22:15:04,1448271
2025-08-20 23:15:03,1448271
2025-08-21 00:15:03,1448271
2025-08-21 01:15:03,1448271
2025-08-21 02:15:03,1448271
2025-08-21 03:15:03,1448271
2025-08-21 04:15:04,1448271
2025-08-21 05:15:05,1448271
2025-08-21 06:15:03,1448271
2025-08-21 07:15:03,1448271
2025-08-21 08:15:06,1448271
2025-08-21 09:15:03,1448271
2025-08-21 10:15:03,1448271
2025-08-21 11:15:03,1448271
2025-08-21 12:15:03,1448271
2025-08-21 13:15:03,1448271
2025-08-21 14:15:03,1448271
2025-08-21 15:15:03,1448271
2025-08-21 16:15:06,1448271
2025-08-21 17:15:04,1448271
2025-08-21 18:15:04,1448271
2025-08-21 19:15:03,1448271
2025-08-21 20:15:05,1448271
2025-08-21 21:15:03,1448271
2025-08-21 22:15:03,1448271
2025-08-21 23:15:03,1448271
2025-08-22 00:15:03,1448271
2025-08-22 01:15:03,1448271
2025-08-22 02:15:03,1448271
2025-08-22 03:15:03,1448271
2025-08-22 04:15:04,1448271
2025-08-22 05:15:04,1448271
2025-08-22 06:15:06,1448271
2025-08-22 07:15:03,1448271
2025-08-22 08:15:03,1448271
2025-08-22 09:15:06,1448271
2025-08-22 10:15:03,1448271
2025-08-22 11:15:03,1448271
2025-08-22 12:15:03,1448271
2025-08-22 13:15:03,1448271
2025-08-22 14:15:03,1448271
2025-08-22 15:15:03,1448271
2025-08-22 16:15:06,1448271
2025-08-22 17:15:04,1448271
2025-08-22 18:15:04,1448271
2025-08-22 19:15:03,1448271
2025-08-22 20:15:03,1448271
2025-08-22 21:15:03,1448271
2025-08-22 22:15:07,1448271
2025-08-22 23:15:06,1448271
2025-08-23 00:15:05,1448271
2025-08-23 01:15:04,1448271
2025-08-23 02:15:04,1448271
2025-08-23 03:15:04,1448271
2025-08-23 04:15:04,1448271
2025-08-23 05:15:04,1448271
2025-08-23 06:15:04,1448271
2025-08-23 07:15:04,1448271
2025-08-23 08:15:06,1448271
2025-08-23 09:15:03,1448271
2025-08-23 10:15:03,1448271
2025-08-23 11:15:03,1448271
2025-08-23 12:15:06,1448271
2025-08-23 13:15:03,1448271
2025-08-23 14:15:03,1448271
2025-08-23 15:15:03,1448271
2025-08-23 16:15:06,1448271
2025-08-23 17:15:04,1448271
2025-08-23 18:15:03,1448271
2025-08-23 19:15:03,1448271
2025-08-23 20:15:03,1448271
2025-08-23 21:15:29,1448271
2025-08-23 22:15:06,1448271
2025-08-23 23:15:02,1448271
2025-08-24 00:15:08,1448271
2025-08-24 01:15:03,1448271
2025-08-24 02:15:03,1448271
2025-08-24 03:15:04,1448271
2025-08-24 04:15:03,1448271
2025-08-24 05:15:03,1448271
2025-08-24 06:15:03,1448271
2025-08-24 07:15:03,1448271
2025-08-24 08:15:03,1448271
2025-08-24 09:15:05,1448271
2025-08-24 10:15:03,1448271
2025-08-24 11:15:03,1448271
2025-08-24 12:15:03,1448271
2025-08-24 13:15:05,1448271
2025-08-24 14:15:03,1448271
2025-08-24 15:15:03,1448271
2025-08-24 16:15:03,1448271
2025-08-24 17:15:03,1448271
2025-08-24 18:15:03,1448271
2025-08-24 19:15:03,1448271
2025-08-24 20:15:03,1448271
2025-08-24 21:15:04,1448271
2025-08-24 22:15:07,1448271
2025-08-24 23:15:02,1448271
2025-08-25 00:15:03,1448271
2025-08-25 01:15:07,1448271
2025-08-25 02:15:03,1448271
2025-08-25 03:15:04,1448271
2025-08-25 04:15:03,1448271
2025-08-25 05:15:04,1448271
2025-08-25 06:15:03,1448271
2025-08-25 07:15:05,1448271
2025-08-25 08:15:02,1448271
2025-08-25 09:15:03,1448271
2025-08-25 10:15:03,1448271
2025-08-25 11:15:03,1448271
2025-08-25 12:15:03,1448271
2025-08-25 13:15:05,1448271
2025-08-25 14:15:03,1448271
2025-08-25 15:15:03,1448271
2025-08-25 16:15:03,1448271
2025-08-25 17:15:03,1448271
2025-08-25 18:15:03,1448271
2025-08-25 19:15:03,1448271
2025-08-25 20:15:02,1448271
2025-08-25 21:15:03,1448271
2025-08-25 22:15:03,1448271
2025-08-25 23:15:03,1448271
2025-08-26 00:15:03,1448271
2025-08-26 01:15:03,1448271
2025-08-26 02:15:05,1448271
2025-08-26 03:15:03,1448271
2025-08-26 04:15:03,1448271
2025-08-26 05:15:03,1448271
2025-08-26 06:15:03,1448271
2025-08-26 07:15:03,1448271
2025-08-26 08:15:03,1448271
2025-08-26 09:15:04,1448271
2025-08-26 10:15:05,1448271
2025-08-26 11:15:03,1448271
2025-08-26 12:15:04,1448271
2025-08-26 13:15:04,1448271
2025-08-26 14:15:04,1448271
2025-08-26 15:15:04,1448271
2025-08-26 16:15:06,1448271
2025-08-26 17:15:03,1448271
2025-08-26 18:15:03,1448271
2025-08-26 19:15:04,1448271
2025-08-26 20:15:04,1448271
2025-08-26 21:15:04,1448271
2025-08-26 22:15:07,1448271
2025-08-26 23:15:03,1448271
2025-08-27 00:15:03,1448271
2025-08-27 01:15:03,1448271
2025-08-27 02:15:04,1448271
2025-08-27 03:15:04,1448271
2025-08-27 04:15:04,1448271
2025-08-27 05:15:06,1448271
2025-08-27 06:15:03,1448271
2025-08-27 07:15:03,1448271
2025-08-27 08:15:03,1448271
2025-08-27 09:15:03,1448271
2025-08-27 10:15:03,1448271
2025-08-27 11:15:03,1448271
2025-08-27 12:15:04,1448271
2025-08-27 13:15:03,1448271
2025-08-27 14:15:03,1448271
2025-08-27 15:15:03,1448271
2025-08-27 16:15:03,1448271
2025-08-27 17:15:03,1448271
2025-08-27 18:15:06,1448271
2025-08-27 19:15:04,1448271
2025-08-27 20:15:03,1448271
2025-08-27 21:15:03,1448271
2025-08-27 22:15:03,1448271
2025-08-27 23:15:02,1448271
2025-08-28 00:15:03,1448271
2025-08-28 01:15:03,1448271
2025-08-28 02:15:03,1448271
2025-08-28 03:15:03,1448271
2025-08-28 04:15:03,1448271
2025-08-28 05:15:03,1448271
2025-08-28 06:15:04,1448271
2025-08-28 07:15:03,1448271
2025-08-28 08:15:03,1448271
2025-08-28 09:15:03,1448271
2025-08-28 10:15:03,1448271
2025-08-28 11:15:03,1448271
2025-08-28 12:15:03,1448271
2025-08-28 13:15:03,1448271
2025-08-28 14:15:03,1448271
2025-08-28 15:15:03,1448271
2025-08-28 16:15:03,1448271
2025-08-28 17:15:03,1448271
2025-08-28 18:15:03,1448271
2025-08-28 19:15:05,1448271
2025-08-28 20:15:04,1448271
2025-08-28 21:15:04,1448271
2025-08-28 22:15:01,1448271
2025-08-28 23:15:02,1448271
2025-08-29 00:15:04,1448271
2025-08-29 01:15:04,1448271
2025-08-29 02:15:04,1448271
2025-08-29 03:15:04,1448271
2025-08-29 04:15:04,1448271
2025-08-29 05:15:04,1448271
2025-08-29 06:15:04,1448271
2025-08-29 07:15:05,1448271
2025-08-29 08:15:08,1448271
2025-08-29 09:15:04,1448271
2025-08-29 10:15:03,1448271
2025-08-29 11:15:04,1448271
2025-08-29 12:15:03,1448271
2025-08-29 13:15:03,1448271
2025-08-29 14:15:03,1448271
2025-08-29 15:15:03,1448271
2025-08-29 16:15:03,1448271
2025-08-29 17:15:03,1448271
2025-08-29 18:15:04,1448271
2025-08-29 19:15:03,1448271
2025-08-29 20:15:06,1448271
2025-08-29 21:15:06,1448271
2025-08-29 22:15:03,1448271
2025-08-29 23:15:02,1448271
2025-08-30 00:15:03,1448271
2025-08-30 01:15:03,1448271
2025-08-30 02:15:03,1448271
2025-08-30 03:15:03,1448271
2025-08-30 04:15:03,1448271
2025-08-30 05:15:02,1448271
2025-08-30 06:15:03,1448271
2025-08-30 07:15:03,1448271
2025-08-30 08:15:03,1448271
2025-08-30 09:15:05,1448271
2025-08-30 10:15:03,1448271
2025-08-30 11:15:03,1448271
2025-08-30 12:15:03,1448271
2025-08-30 13:15:03,1448271
2025-08-30 14:15:03,1448271
2025-08-30 15:15:03,1448271
2025-08-30 16:15:02,1448271
2025-08-30 17:15:03,1448271
2025-08-30 18:15:03,1448271
2025-08-30 19:15:03,1448271
2025-08-30 20:15:03,1448271
2025-08-30 21:15:03,1448271
2025-08-30 22:15:03,1448271
2025-08-30 23:15:03,1448271
2025-08-31 00:15:03,1448271
2025-08-31 01:15:03,1448271
2025-08-31 02:15:03,1448271
2025-08-31 03:15:03,1448271
2025-08-31 04:15:03,1448271
2025-08-31 05:15:03,1448271
2025-08-31 06:15:05,1448271
2025-08-31 07:15:03,1448271
2025-08-31 08:15:03,1448271
2025-08-31 09:15:03,1448271
2025-08-31 10:15:03,1448271
2025-08-31 11:15:05,1448271
2025-08-31 12:15:03,1448271
2025-08-31 13:15:03,1448271
2025-08-31 14:15:03,1448271
2025-08-31 15:15:03,1448271
2025-08-31 16:15:03,1448271
2025-08-31 17:15:03,1448271
2025-08-31 18:15:03,1448271
2025-08-31 19:15:03,1448271
2025-08-31 20:15:06,1448271
2025-08-31 21:15:03,1448271
2025-08-31 22:15:03,1448271
2025-08-31 23:15:03,1448271
2025-09-01 00:15:04,1448271
2025-09-01 01:15:06,1448271
2025-09-01 02:15:03,1448271
2025-09-01 03:15:04,1448271
2025-09-01 04:15:01,1448271
2025-09-01 05:15:04,1448271
2025-09-01 06:15:01,1448271
2025-09-01 07:15:01,1448271
2025-09-01 08:15:02,1448271
2025-09-01 09:15:02,1448271
2025-09-01 10:15:02,1448271
2025-09-01 11:15:02,1448271
2025-09-01 12:15:02,1448271
2025-09-01 13:15:02,1448271
2025-09-01 14:15:06,1448271
2025-09-01 15:15:02,1448271
2025-09-01 16:15:02,1448271
2025-09-01 17:15:02,1448271
2025-09-01 18:15:02,1448271
2025-09-01 19:15:02,1448271
2025-09-01 20:15:02,1448271
2025-09-01 21:15:02,1448271
2025-09-01 22:15:02,1448271
2025-09-01 23:15:02,1448271
2025-09-02 00:15:04,1448271
2025-09-02 01:15:03,1448271
2025-09-02 02:15:03,1448271
2025-09-02 03:15:06,1448271
2025-09-02 04:15:03,1448271
2025-09-02 05:15:05,1448271
2025-09-02 06:15:03,1448271
2025-09-02 07:15:03,1448271
2025-09-02 08:15:03,1448271
2025-09-02 09:15:03,1448271
2025-09-02 10:15:03,1448271
2025-09-02 11:15:03,1448271
2025-09-02 12:15:03,1448271
2025-09-02 13:15:03,1448271
2025-09-02 14:15:03,1448271
2025-09-02 15:15:06,1448271
2025-09-02 16:15:03,1448271
2025-09-02 17:15:03,1448271
2025-09-02 18:15:03,1448271
2025-09-02 19:15:03,1448271
2025-09-02 20:15:03,1448271
2025-09-02 21:15:04,1448271
2025-09-02 22:15:04,1448271
2025-09-02 23:15:03,1448271
2025-09-03 00:15:04,1448271
2025-09-03 01:15:04,1448271
2025-09-03 02:15:04,1448271
2025-09-03 03:15:06,1448271
2025-09-03 04:15:03,1448271
2025-09-03 05:15:05,1448271
2025-09-03 06:15:04,1448271
2025-09-03 07:15:04,1448271
2025-09-03 08:15:04,1448271
2025-09-03 09:15:04,1448271
2025-09-03 10:15:04,1448271
2025-09-03 11:15:04,1448271
2025-09-03 12:15:04,1448271
2025-09-03 13:15:04,1448271
2025-09-03 14:15:04,1448271
2025-09-03 15:15:05,1448271
2025-09-03 16:15:07,1448271
2025-09-03 17:15:06,1448271
2025-09-03 18:15:04,1448271
2025-09-03 19:15:04,1448271
2025-09-03 20:15:03,1448271
2025-09-03 21:15:03,1448271
2025-09-03 22:15:03,1448271
2025-09-03 23:15:03,1448271
2025-09-04 01:15:04,1448271
2025-09-04 02:15:04,1448271
2025-09-04 03:15:08,1448271
2025-09-04 04:15:04,1448271
2025-09-04 05:15:05,1448271
2025-09-04 06:15:04,1448271
2025-09-04 07:15:03,1448271
2025-09-04 08:15:03,1448271
2025-09-04 09:15:03,1448271
2025-09-04 10:15:03,1448271
2025-09-04 11:15:03,1448271
2025-09-04 12:15:04,1448271
2025-09-04 13:15:03,1448271
2025-09-04 14:15:03,1448271
2025-09-04 15:15:03,1448271
2025-09-04 16:15:03,1448271
2025-09-04 17:15:06,1448271
2025-09-04 18:15:03,1448271
2025-09-04 19:15:03,1448271
2025-09-04 20:15:03,1448271
2025-09-04 21:15:04,1448271
2025-09-04 22:15:04,1448271
2025-09-04 23:15:03,1448271
2025-09-05 00:15:03,1448271
2025-09-05 01:15:04,1448271
2025-09-05 02:15:03,1448271
2025-09-05 03:15:06,1448271
2025-09-05 04:15:03,1448271
2025-09-05 05:15:06,1448271
2025-09-05 06:15:03,1448271
2025-09-05 07:15:03,1448271
2025-09-05 08:15:03,1448271
2025-09-05 09:15:03,1448271
2025-09-05 10:15:03,1448271
2025-09-05 11:15:03,1448271
2025-09-05 12:15:04,1448271
2025-09-05 13:15:03,1448271
2025-09-05 14:15:03,1448271
2025-09-05 15:15:03,1448271
2025-09-05 16:15:03,1448271
2025-09-05 17:15:03,1448271
2025-09-05 18:15:06,1448271
2025-09-05 19:15:03,1448271
2025-09-05 20:15:03,1448271
2025-09-05 21:15:03,1448271
2025-09-05 23:15:05,1448271
2025-09-06 00:15:03,1448271
2025-09-06 03:15:03,1448271
2025-09-06 04:15:03,1448271
2025-09-06 05:15:05,1448271
2025-09-06 06:15:03,1448271
2025-09-06 07:15:05,1448271
2025-09-06 08:15:03,1448271
2025-09-06 09:15:03,1448271
2025-09-06 10:15:03,1448271
2025-09-06 11:15:03,1448271
2025-09-06 12:15:03,1448271
2025-09-06 13:15:03,1448271
2025-09-06 14:15:03,1448271
2025-09-06 15:15:03,1448271
2025-09-06 16:15:03,1448271
2025-09-06 17:15:03,1448271
2025-09-06 18:15:03,1448271
2025-09-06 19:15:03,1448271
2025-09-06 20:15:05,1448271
2025-09-06 21:15:03,1448271
2025-09-06 22:15:03,1448271
2025-09-06 23:15:02,1448271
2025-09-07 00:15:03,1448271
2025-09-07 01:15:03,1448271
2025-09-07 02:15:03,1448271
2025-09-07 03:15:03,1448271
2025-09-07 04:15:03,1448271
2025-09-07 05:15:05,1448271
2025-09-07 06:15:03,1448271
2025-09-07 07:15:03,1448271
2025-09-07 08:15:05,1448271
2025-09-07 09:15:03,1448271
2025-09-07 10:15:03,1448271
2025-09-07 11:15:03,1448271
2025-09-07 12:15:03,1448271
2025-09-07 13:15:03,1448271
2025-09-07 14:15:03,1448271
2025-09-07 15:15:03,1448271
2025-09-07 16:15:03,1448271
2025-09-07 17:15:03,1448271
2025-09-07 18:15:03,1448271
2025-09-07 19:15:03,1448271
2025-09-07 20:15:05,1448271
2025-09-07 21:15:03,1448271
2025-09-07 22:15:03,1448271
2025-09-07 23:15:03,1448271
2025-09-08 00:15:08,1448271
2025-09-08 01:15:04,1448271
2025-09-08 02:15:03,1448271
2025-09-08 03:15:04,1448271
2025-09-08 04:15:04,1448271
2025-09-08 05:15:06,1448271
2025-09-08 06:15:04,1448271
2025-09-08 07:15:04,1448271
2025-09-08 08:15:04,1448271
2025-09-08 09:15:04,1448271
2025-09-08 10:15:05,1448271
2025-09-08 11:15:06,1448271
2025-09-08 19:15:05,1448271
2025-09-08 20:15:02,1448271
2025-09-08 21:15:05,1448271
2025-09-08 22:15:02,1448271
2025-09-09 00:15:03,1448271
2025-09-09 04:15:03,1448271
2025-09-09 05:15:05,1448271
2025-09-09 06:15:03,1448271
2025-09-09 07:15:03,1448271
2025-09-09 08:15:03,1448271
2025-09-09 09:15:03,1448271
2025-09-09 10:15:06,1448271
2025-09-09 11:15:03,1448271
2025-09-09 12:15:03,1448271
2025-09-09 13:15:03,1448271
2025-09-09 14:15:03,1448271
2025-09-09 15:15:03,1448271
2025-09-09 16:15:03,1448271
2025-09-09 17:15:04,1448271
2025-09-09 18:15:04,1448271
2025-09-09 19:15:03,1448271
2025-09-09 20:15:06,1448271
2025-09-09 21:15:04,1448271
2025-09-09 22:15:04,1448271
2025-09-09 23:15:10,1448271
2025-09-10 00:15:10,1448271
2025-09-10 01:15:06,1448271
2025-09-10 02:15:05,1448271
2025-09-10 03:15:05,1448271
2025-09-10 04:15:07,1448271
2025-09-10 05:15:05,1448271
2025-09-10 06:15:05,1448271
2025-09-10 07:15:06,1448271
2025-09-10 08:15:07,1448271
2025-09-10 09:15:06,1448271
2025-09-10 10:15:04,1448271
2025-09-10 11:15:04,1448271
2025-09-10 12:15:06,1448271
2025-09-10 13:15:04,1448271
2025-09-10 14:15:04,1448271
2025-09-10 15:15:04,1448271
2025-09-10 16:15:04,1448271
2025-09-10 17:15:04,1448271
2025-09-10 18:15:04,1448271
2025-09-10 19:15:04,1448271
2025-09-10 20:15:06,1448271
2025-09-10 21:15:04,1448271
2025-09-10 22:15:04,1448271
2025-09-10 23:15:03,1448271
2025-09-11 00:15:03,1448271
2025-09-11 01:15:07,1448271
2025-09-11 02:15:03,1448271
2025-09-11 03:15:03,1448271
2025-09-11 04:15:03,1448271
2025-09-11 05:15:05,1448271
2025-09-11 06:15:03,1448271
2025-09-11 07:15:04,1448271
2025-09-11 08:15:03,1448271
2025-09-11 09:15:03,1448271
2025-09-11 10:15:03,1448271
2025-09-11 11:15:03,1448271
2025-09-11 12:15:03,1448271
2025-09-11 13:15:06,1448271
2025-09-11 14:15:03,1448271
2025-09-11 15:15:04,1448271
2025-09-11 16:15:03,1448271
2025-09-11 17:15:06,1448271
2025-09-11 18:15:03,1448271
2025-09-11 19:15:03,1448271
2025-09-11 20:15:03,1448271
2025-09-11 21:15:03,1448271
2025-09-11 22:15:03,1448271
2025-09-11 23:15:04,1448271
2025-09-12 00:15:04,1448271
2025-09-12 01:15:03,1448271
2025-09-12 02:15:04,1448271
2025-09-12 03:15:01,1448271
2025-09-12 04:15:01,1448271
2025-09-12 05:15:01,1448271
2025-09-12 06:15:04,1448271
2025-09-12 07:15:01,1448271
2025-09-12 08:15:01,1448271
2025-09-12 09:15:02,1448271
2025-09-12 10:15:02,1448271
2025-09-12 11:15:01,1448271
2025-09-12 12:15:01,1448271
2025-09-12 13:15:01,1448271
2025-09-12 14:15:04,1448271
2025-09-12 15:15:01,1448271
2025-09-12 16:15:02,1448271
2025-09-12 17:15:02,1448271
2025-09-12 18:15:01,1448271
2025-09-12 19:15:02,1448271
2025-09-12 20:15:02,1448271
2025-09-12 21:15:02,1448271
2025-09-12 22:15:02,1448271
2025-09-12 23:15:02,1448271
2025-09-13 00:15:03,1448271
2025-09-13 01:15:03,1448271
2025-09-13 02:15:05,1448271
2025-09-13 03:15:03,1448271
2025-09-13 04:15:03,1448271
2025-09-13 05:15:03,1448271
2025-09-13 06:15:06,1448271
2025-09-13 07:15:03,1448271
2025-09-13 08:15:04,1448271
2025-09-13 09:15:04,1448271
2025-09-13 10:15:04,1448271
2025-09-13 11:15:03,1448271
2025-09-13 12:15:03,1448271
2025-09-13 13:15:03,1448271
2025-09-13 14:15:03,1448271
2025-09-13 15:15:03,1448271
2025-09-13 16:15:03,1448271
2025-09-13 17:15:04,1448271
2025-09-13 18:15:04,1448271
2025-09-13 19:15:09,1448271
2025-09-13 20:15:03,1448271
2025-09-13 21:15:03,1448271
2025-09-13 22:15:03,1448271
2025-09-13 23:15:03,1448271
2025-09-14 00:15:03,1448271
2025-09-14 01:15:04,1448271
2025-09-14 02:15:06,1448271
2025-09-14 03:15:03,1448271
2025-09-14 04:15:03,1448271
2025-09-14 05:15:03,1448271
2025-09-14 06:15:04,1448271
2025-09-14 07:15:04,1448271
2025-09-14 08:15:03,1448271
2025-09-14 09:15:03,1448271
2025-09-14 10:15:03,1448271
2025-09-14 11:15:04,1448271
2025-09-14 12:15:03,1448271
2025-09-14 13:15:03,1448271
2025-09-14 14:15:03,1448271
2025-09-14 15:15:03,1448271
2025-09-14 16:15:04,1448271
2025-09-14 17:15:04,1448271
2025-09-14 18:15:04,1448271
2025-09-14 19:15:04,1448271
2025-09-14 20:15:08,1448271
2025-09-14 21:15:03,1448271
2025-09-14 22:15:05,1448271
2025-09-14 23:15:04,1448271
2025-09-15 00:15:05,1448271
2025-09-15 01:15:05,1448271
2025-09-15 02:15:02,1448271
2025-09-15 03:15:02,1448271
2025-09-15 04:15:02,1448271
2025-09-15 05:15:05,1448271
2025-09-15 06:15:02,1448271
2025-09-15 07:15:02,1448271
2025-09-15 08:15:01,1448271
2025-09-15 09:15:01,1448271
2025-09-15 10:15:02,1448271
2025-09-15 11:15:02,1448271
2025-09-15 12:15:02,1448271
2025-09-15 13:15:05,1448271
2025-09-15 14:15:01,1448271
2025-09-15 15:15:02,1448271
2025-09-15 16:15:02,1448271
2025-09-15 17:15:02,1448271
2025-09-15 18:15:02,1448271
2025-09-15 19:15:02,1448271
2025-09-15 20:15:02,1448271
2025-09-15 21:15:02,1448271
2025-09-15 22:15:02,1448271
2025-09-15 23:15:01,1448271
2025-09-16 00:15:03,1448271
2025-09-16 02:15:07,1448271
2025-09-16 03:15:03,1448271
2025-09-16 04:15:03,1448271
2025-09-16 05:15:06,1448271
2025-09-16 06:15:04,1448271
2025-09-16 07:15:04,1448271
2025-09-16 08:15:03,1448271
2025-09-16 09:15:03,1448271
2025-09-16 10:15:03,1448271
2025-09-16 11:15:04,1448271
2025-09-16 12:15:04,1448271
2025-09-16 13:15:04,1448271
2025-09-16 14:15:03,1448271
2025-09-16 15:15:06,1448271
2025-09-16 16:15:03,1448271
2025-09-16 17:15:03,1448271
2025-09-16 18:15:03,1448271
2025-09-16 19:15:03,1448271
2025-09-16 20:15:03,1448271
2025-09-16 21:15:03,1448271
2025-09-16 22:15:03,1448271
2025-09-16 23:15:03,1448271
2025-09-17 00:15:07,1448271
2025-09-17 01:15:07,1448271
2025-09-17 02:15:04,1448271
2025-09-17 03:15:04,1448271
2025-09-17 04:15:03,1448271
2025-09-17 05:15:06,1448271
2025-09-17 06:15:04,1448271
2025-09-17 07:15:04,1448271
2025-09-17 08:15:04,1448271
2025-09-17 09:15:04,1448271
2025-09-17 10:15:04,1448271
2025-09-17 11:15:04,1448271
2025-09-17 12:15:07,1448271
2025-09-17 13:15:04,1448271
2025-09-17 14:15:03,1448271
2025-09-17 15:15:03,1448271
2025-09-17 16:15:03,1448271
2025-09-17 17:15:03,1448271
2025-09-17 18:15:03,1448271
2025-09-17 19:15:03,1448271
2025-09-17 20:15:03,1448271
2025-09-17 21:15:03,1448271
2025-09-17 22:15:03,1448271
2025-09-17 23:15:02,1448271
2025-09-18 00:15:03,1448271
2025-09-18 01:15:06,1448271
2025-09-18 02:15:03,1448271
2025-09-18 03:15:03,1448271
2025-09-18 04:15:04,1448271
2025-09-18 05:15:03,1448271
2025-09-18 06:15:03,1448271
2025-09-18 07:15:04,1448271
2025-09-18 08:15:03,1448271
2025-09-18 09:15:03,1448271
2025-09-18 10:15:03,1448271
2025-09-18 11:15:03,1448271
2025-09-18 12:15:03,1448271
2025-09-18 13:15:06,1448271
2025-09-18 14:15:03,1448271
2025-09-18 15:15:03,1448271
2025-09-18 16:15:03,1448271
2025-09-18 17:15:03,1448271
2025-09-18 18:15:03,1448271
2025-09-18 19:15:03,1448271
2025-09-18 20:15:06,1448271
2025-09-18 21:15:04,1448271
2025-09-18 22:15:04,1448271
2025-09-18 23:15:03,1448271
2025-09-19 00:15:04,1448271
2025-09-19 01:15:09,1448271
2025-09-19 02:15:04,1448271
2025-09-19 03:15:03,1448271
2025-09-19 04:15:05,1448271
2025-09-19 05:15:03,1448271
2025-09-19 06:15:03,1448271
2025-09-19 07:15:03,1448271
2025-09-19 08:15:03,1448271
2025-09-19 09:15:03,1448271
2025-09-19 10:15:03,1448271
2025-09-19 11:15:03,1448271
2025-09-19 12:15:03,1448271
2025-09-19 13:15:06,1448271
2025-09-19 14:15:03,1448271
2025-09-19 15:15:03,1448271
2025-09-19 16:15:03,1448271
2025-09-19 17:15:03,1448271
2025-09-19 18:15:04,1448271
2025-09-19 19:15:03,1448271
2025-09-19 20:15:03,1448271
2025-09-19 21:15:03,1448271
2025-09-19 22:15:03,1448271
2025-09-19 23:15:03,1448271
2025-09-20 00:15:04,1448271
2025-09-20 01:15:07,1448271
2025-09-20 02:15:03,1448271
2025-09-20 03:15:03,1448271
2025-09-20 04:15:05,1448271
2025-09-20 05:15:03,1448271
2025-09-20 06:15:03,1448271
2025-09-20 07:15:03,1448271
2025-09-20 08:15:03,1448271
2025-09-20 09:15:03,1448271
2025-09-20 10:15:03,1448271
2025-09-20 11:15:03,1448271
2025-09-20 12:15:03,1448271
2025-09-20 13:15:03,1448271
2025-09-20 14:15:03,1448271
2025-09-20 15:15:03,1448271
2025-09-20 16:15:06,1448271
2025-09-20 17:15:03,1448271
2025-09-20 18:15:03,1448271
2025-09-20 19:15:04,1448271
2025-09-20 20:15:04,1448271
2025-09-20 21:15:04,1448271
2025-09-20 22:15:04,1448271
2025-09-20 23:15:04,1448271
2025-09-21 00:15:03,1448271
2025-09-21 01:15:07,1448271
2025-09-21 02:15:04,1448271
2025-09-21 03:15:06,1448271
2025-09-21 04:15:04,1448271
2025-09-21 05:15:07,1448271
2025-09-21 06:15:03,1448271
2025-09-21 07:15:03,1448271
2025-09-21 08:15:03,1448271
2025-09-21 09:15:03,1448271
2025-09-21 10:15:03,1448271
2025-09-21 11:15:03,1448271
2025-09-21 12:15:03,1448271
2025-09-21 13:15:03,1448271
2025-09-21 14:15:03,1448271
2025-09-21 15:15:03,1448271
2025-09-21 16:15:04,1448271
2025-09-21 17:15:06,1448271
2025-09-21 18:15:03,1448271
2025-09-21 19:15:03,1448271
2025-09-21 20:15:03,1448271
2025-09-21 21:15:04,1448271
2025-09-21 22:15:04,1448271
2025-09-21 23:15:03,1448271
2025-09-22 00:15:04,1448271
2025-09-22 01:15:08,1448271
2025-09-22 02:15:03,1448271
2025-09-22 03:15:03,1448271
2025-09-22 04:15:06,1448271
2025-09-22 05:15:06,1448271
2025-09-22 06:15:03,1448271
2025-09-22 07:15:03,1448271
2025-09-22 08:15:03,1448271
2025-09-22 09:15:04,1448271
2025-09-22 10:15:04,1448271
2025-09-22 11:15:04,1448271
2025-09-22 12:15:03,1448271
2025-09-22 13:15:03,1448271
2025-09-22 14:15:03,1448271
2025-09-22 15:15:03,1448271
2025-09-22 16:15:03,1448271
2025-09-22 17:15:03,1448271
2025-09-22 18:15:06,1448271
2025-09-22 19:15:04,1448271
2025-09-22 20:15:09,1448271
2025-09-22 21:15:02,1448271
2025-09-22 22:15:02,1448271
2025-09-22 23:15:02,1448271
2025-09-23 00:15:03,1448271
2025-09-23 01:15:06,1448271
2025-09-23 02:15:03,1448271
2025-09-23 03:15:03,1448271
2025-09-23 04:15:03,1448271
2025-09-23 05:15:03,1448271
2025-09-23 06:15:06,1448271
2025-09-23 07:15:03,1448271
2025-09-23 08:15:03,1448271
2025-09-23 09:15:03,1448271
2025-09-23 10:15:07,1448271
2025-09-23 11:15:03,1448271
2025-09-23 12:15:03,1448271
2025-09-23 13:15:03,1448271
2025-09-23 14:15:06,1448271
2025-09-23 15:15:03,1448271
2025-09-23 16:15:03,1448271
2025-09-23 17:15:03,1448271
2025-09-23 18:15:03,1448271
2025-09-23 19:15:03,1448271
2025-09-23 20:15:03,1448271
2025-09-23 21:15:03,1448271
2025-09-23 22:15:05,1448271
2025-09-23 23:15:02,1448271
2025-09-24 00:15:04,1448271
2025-09-24 01:15:04,1448271
2025-09-24 02:15:06,1448271
2025-09-24 03:15:05,1448271
2025-09-24 04:15:03,1448271
2025-09-24 05:15:03,1448271
2025-09-24 06:15:04,1448271
2025-09-24 07:15:03,1448271
2025-09-24 08:15:04,1448271
2025-09-24 09:15:04,1448271
2025-09-24 10:15:04,1448271
2025-09-24 11:15:03,1448271
2025-09-24 12:15:04,1448271
2025-09-24 13:15:04,1448271
2025-09-24 14:15:04,1448271
2025-09-24 15:15:04,1448271
2025-09-24 16:15:04,1448271
2025-09-24 17:15:04,1448271
2025-09-24 18:15:03,1448271
2025-09-24 19:15:05,1448271
2025-09-24 20:15:02,1448271
2025-09-24 21:15:02,1448271
2025-09-24 22:15:02,1448271
2025-09-24 23:15:02,1448271
2025-09-25 00:15:03,1448271
2025-09-25 01:15:03,1448271
2025-09-25 02:15:05,1448271
2025-09-25 03:15:03,1448271
2025-09-25 04:15:03,1448271
2025-09-25 05:15:03,1448271
2025-09-25 06:15:03,1448271
2025-09-25 07:15:03,1448271
2025-09-25 08:15:05,1448271
2025-09-25 09:15:03,1448271
2025-09-25 10:15:03,1448271
2025-09-25 11:15:03,1448271
2025-09-25 12:15:03,1448271
2025-09-25 13:15:03,1448271
2025-09-25 14:15:03,1448271
2025-09-25 15:15:03,1448271
2025-09-25 16:15:03,1448271
2025-09-25 17:15:03,1448271
2025-09-25 18:15:03,1448271
2025-09-25 19:15:03,1448271
2025-09-25 20:15:05,1448271
2025-09-25 21:15:06,1448271
2025-09-25 22:15:06,1448271
2025-09-25 23:15:02,1448271
2025-09-26 00:15:02,1448271
2025-09-26 01:15:03,1448271
2025-09-26 02:15:03,1448271
2025-09-26 03:15:03,1448271
2025-09-26 04:15:04,1448271
2025-09-26 05:15:06,1448271
2025-09-26 06:15:04,1448271
2025-09-26 07:15:04,1448271
2025-09-26 08:15:06,1448271
2025-09-26 09:15:08,1448271
2025-09-26 10:15:03,1448271
2025-09-26 11:15:04,1448271
2025-09-26 12:15:04,1448271
2025-09-26 13:15:03,1448271
2025-09-26 14:15:04,1448271
2025-09-26 15:15:03,1448271
2025-09-26 16:15:04,1448271
2025-09-26 17:15:03,1448271
2025-09-26 19:15:04,1448271
2025-09-26 20:15:03,1448271
2025-09-26 21:15:06,1448271
2025-09-26 22:15:03,1448271
2025-09-26 23:15:03,1448271
2025-09-27 00:15:03,1448271
2025-09-27 01:15:03,1448271
2025-09-27 02:15:04,1448271
2025-09-27 03:15:03,1448271
2025-09-27 04:15:03,1448271
2025-09-27 05:15:03,1448271
2025-09-27 06:15:03,1448271
2025-09-27 07:15:07,1448271
2025-09-27 08:15:07,1448271
2025-09-27 09:15:06,1448271
2025-09-27 10:15:07,1448271
2025-09-27 11:15:03,1448271
2025-09-27 12:15:05,1448271
2025-09-27 13:15:03,1448271
2025-09-27 14:15:03,1448271
2025-09-27 15:15:03,1448271
2025-09-27 16:15:03,1448271
2025-09-27 17:15:03,1448271
2025-09-27 18:15:03,1448271
2025-09-27 19:15:03,1448271
2025-09-27 20:15:03,1448271
2025-09-27 21:15:03,1448271
2025-09-27 22:15:03,1448271
2025-09-27 23:15:02,1448271
2025-09-28 00:15:03,1448271
2025-09-28 01:15:03,1448271
2025-09-28 02:15:03,1448271
2025-09-28 03:15:03,1448271
2025-09-28 04:15:05,1448271
2025-09-28 05:15:07,1448271
2025-09-28 06:15:04,1448271
2025-09-28 07:15:04,1448271
2025-09-28 08:15:04,1448271
2025-09-28 09:15:04,1448271
2025-09-28 10:15:03,1448271
2025-09-28 11:15:29,1448271
2025-09-28 12:15:03,1448271
2025-09-28 13:15:04,1448271
2025-09-28 14:15:04,1448271
2025-09-28 15:15:04,1448271
2025-09-28 16:15:04,1448271
2025-09-28 17:15:04,1448271
2025-09-28 18:15:04,1448271
2025-09-28 19:15:04,1448271
2025-09-28 20:15:04,1448271
2025-09-28 21:15:08,1448271
2025-09-28 22:15:04,1448271
2025-09-28 23:15:06,1448271
2025-09-29 00:15:04,1448271
2025-09-29 01:15:09,1448271
2025-09-29 02:15:04,1448271
2025-09-29 03:15:04,1448271
2025-09-29 04:15:07,1448271
2025-09-29 05:15:03,1448271
2025-09-29 06:15:04,1448271
2025-09-29 07:15:04,1448271
2025-09-29 08:15:04,1448271
2025-09-29 09:15:04,1448271
2025-09-29 10:15:03,1448271
2025-09-29 11:15:04,1448271
2025-09-29 12:15:04,1448271
2025-09-29 13:15:04,1448271
2025-09-29 14:15:10,1448271
2025-09-29 15:15:04,1448271
2025-09-29 16:15:04,1448271
2025-09-29 17:15:03,1448271
2025-09-29 18:15:04,1448271
2025-09-29 19:15:04,1448271
2025-09-29 20:15:04,1448271
2025-09-29 21:15:07,1448271
2025-09-29 22:15:06,1448271
2025-09-29 23:15:05,1448271
2025-09-30 00:15:03,1448271
2025-09-30 01:15:03,1448271
2025-09-30 02:15:06,1448271
2025-09-30 03:15:03,1448271
2025-09-30 04:15:03,1448271
2025-09-30 05:15:03,1448271
2025-09-30 06:15:03,1448271
2025-09-30 07:15:03,1448271
2025-09-30 08:15:03,1448271
2025-09-30 09:15:03,1448271
2025-09-30 10:15:03,1448271
2025-09-30 11:15:02,1448271
2025-09-30 12:15:04,1448271
2025-09-30 13:15:03,1448271
2025-09-30 14:15:07,1448271
2025-09-30 15:15:03,1448271
2025-09-30 16:15:03,1448271
2025-09-30 17:15:03,1448271
2025-09-30 18:15:03,1448271
2025-09-30 19:15:03,1448271
2025-09-30 20:15:03,1448271
2025-09-30 21:15:05,1448271
2025-09-30 22:15:01,1448271
2025-09-30 23:15:04,1448271
2025-10-01 00:15:05,1448271
2025-10-01 01:15:02,1448271
2025-10-01 02:15:04,1448271
2025-10-01 03:15:03,1448271
2025-10-01 04:15:02,1448271
2025-10-01 05:15:02,1448271
2025-10-01 06:15:02,1448271
2025-10-01 07:15:02,1448271
2025-10-01 08:15:02,1448271
2025-10-01 09:15:01,1448271
2025-10-01 10:15:02,1448271
2025-10-01 11:15:02,1448271
2025-10-01 12:15:02,1448271
2025-10-01 13:15:02,1448271
2025-10-01 14:15:02,1448271
2025-10-01 15:15:05,1448271
2025-10-01 16:15:02,1448271
2025-10-01 17:15:02,1448271
2025-10-01 18:15:02,1448271
2025-10-01 19:15:02,1448271
2025-10-01 20:15:05,1448271
2025-10-01 21:15:02,1448271
2025-10-01 22:15:01,1448271
2025-10-01 23:15:02,1448271
2025-10-02 00:15:03,1448271
2025-10-02 01:15:03,1448271
2025-10-02 02:15:03,1448271
2025-10-02 03:15:05,1448271
2025-10-02 04:15:05,1448271
2025-10-02 05:15:02,1448271
2025-10-02 06:15:03,1448271
2025-10-02 07:15:02,1448271
2025-10-02 08:15:02,1448271
2025-10-02 09:15:01,1448271
2025-10-02 10:15:02,1448271
2025-10-02 11:15:02,1448271
2025-10-02 12:15:02,1448271
2025-10-02 13:15:02,1448271
2025-10-02 14:15:02,1448271
2025-10-02 15:15:02,1448271
2025-10-02 16:15:04,1448271
2025-10-02 17:15:02,1448271
2025-10-02 18:15:02,1448271
2025-10-02 19:15:02,1448271
2025-10-02 20:15:02,1448271
2025-10-02 21:15:02,1448271
2025-10-02 22:15:03,1448271
2025-10-02 23:15:02,1448271
2025-10-03 00:15:07,1448271
2025-10-03 01:15:03,1448271
2025-10-03 02:15:03,1448271
2025-10-03 03:15:06,1448271
2025-10-03 04:15:06,1448271
2025-10-03 05:15:03,1448271
2025-10-03 06:15:03,1448271
2025-10-03 07:15:03,1448271
2025-10-03 08:15:03,1448271
2025-10-03 09:15:03,1448271
2025-10-03 10:15:03,1448271
2025-10-03 11:15:03,1448271
2025-10-03 12:15:03,1448271
2025-10-03 13:15:04,1448271
2025-10-03 14:15:04,1448271
2025-10-03 15:15:03,1448271
2025-10-03 16:15:08,1448271
2025-10-03 17:15:03,1448271
2025-10-03 18:15:03,1448271
2025-10-03 19:15:03,1448271
2025-10-03 20:15:03,1448271
2025-10-03 21:15:04,1448271
2025-10-03 22:15:03,1448271
2025-10-03 23:15:02,1448271
2025-10-04 00:15:03,1448271
2025-10-04 01:15:06,1448271
2025-10-04 02:15:05,1448271
2025-10-04 03:15:02,1448271
2025-10-04 04:15:02,1448271
2025-10-04 05:15:02,1448271
2025-10-04 06:15:06,1448271
2025-10-04 07:15:02,1448271
2025-10-04 08:15:01,1448271
2025-10-04 09:15:02,1448271
2025-10-04 10:15:02,1448271
2025-10-04 11:15:02,1448271
2025-10-04 12:15:01,1448271
2025-10-04 13:15:02,1448271
2025-10-04 14:15:06,1448271
2025-10-04 15:15:02,1448271
2025-10-04 16:15:03,1448271
2025-10-04 17:15:01,1448271
2025-10-04 18:15:04,1448271
2025-10-04 19:15:06,1448271
2025-10-04 20:15:02,1448271
2025-10-04 21:15:03,1448271
2025-10-04 22:15:05,1448271
2025-10-04 23:15:02,1448271
2025-10-05 00:15:03,1448271
2025-10-05 01:15:03,1448271
2025-10-05 02:15:03,1448271
2025-10-05 03:15:03,1448271
2025-10-05 04:15:10,1448271
2025-10-05 05:15:03,1448271
2025-10-05 06:15:03,1448271
2025-10-05 07:15:04,1448271
2025-10-05 08:15:07,1448271
2025-10-05 09:15:03,1448271
2025-10-05 10:15:04,1448271
2025-10-05 11:15:04,1448271
2025-10-05 12:15:04,1448271
2025-10-05 13:15:06,1448271
2025-10-05 14:15:04,1448271
2025-10-05 15:15:04,1448271
2025-10-05 16:15:03,1448271
2025-10-05 17:15:03,1448271
2025-10-05 18:15:03,1448271
2025-10-05 19:15:04,1448271
2025-10-05 20:15:18,1448271
2025-10-05 21:15:04,1448271
2025-10-05 22:15:08,1448271
2025-10-05 23:15:03,1448271
2025-10-06 00:15:04,1448271
2025-10-06 01:15:03,1448271
2025-10-06 02:15:04,1448271
2025-10-06 03:15:03,1448271
2025-10-06 04:15:10,1448271
2025-10-06 05:15:06,1448271
2025-10-06 06:15:04,1448271
2025-10-06 07:15:03,1448271
2025-10-06 08:15:03,1448271
2025-10-06 09:15:09,1448271
2025-10-06 10:15:03,1448271
2025-10-06 11:15:04,1448271
2025-10-06 12:15:03,1448271
2025-10-06 13:15:03,1448271
2025-10-06 14:15:03,1448271
2025-10-06 15:15:03,1448271
2025-10-06 16:15:03,1448271
2025-10-06 17:15:03,1448271
2025-10-06 18:15:03,1448271
2025-10-06 19:15:04,1448271
2025-10-06 20:15:03,1448271
2025-10-06 21:15:03,1448271
2025-10-06 22:15:08,1448271
2025-10-06 23:15:03,1448271
2025-10-07 00:15:03,1448271
2025-10-07 01:15:05,1448271
2025-10-07 02:15:03,1448271
2025-10-07 03:15:03,1448271
2025-10-07 04:15:07,1448271
2025-10-07 05:15:03,1448271
2025-10-07 06:15:03,1448271
2025-10-07 07:15:03,1448271
2025-10-07 08:15:03,1448271
2025-10-07 09:15:03,1448271
2025-10-07 10:15:08,1448271
2025-10-07 11:15:03,1448271
2025-10-07 12:15:04,1448271
2025-10-07 13:15:03,1448271
2025-10-07 14:15:03,1448271
2025-10-07 15:15:04,1448271
2025-10-07 16:15:03,1448271
2025-10-07 17:15:03,1448271
2025-10-07 18:15:04,1448271
2025-10-07 19:15:03,1448271
2025-10-07 20:15:04,1448271
2025-10-07 21:15:03,1448271
2025-10-07 22:15:08,1448271
2025-10-07 23:15:04,1448271
2025-10-08 00:15:05,1448271
2025-10-08 01:15:05,1448271
2025-10-08 02:15:04,1448271
2025-10-08 03:15:02,1448271
2025-10-08 04:15:02,1448271
2025-10-08 05:15:01,1448271
2025-10-08 06:15:02,1448271
2025-10-08 07:15:02,1448271
2025-10-08 08:15:03,1448271
2025-10-08 09:15:02,1448271
2025-10-08 10:15:02,1448271
2025-10-08 11:15:05,1448271
2025-10-08 12:15:02,1448271
2025-10-08 13:15:02,1448271
2025-10-08 14:15:02,1448271
2025-10-08 15:15:02,1448271
2025-10-08 16:15:02,1448271
2025-10-08 17:15:02,1448271
2025-10-08 18:15:02,1448271
2025-10-08 19:15:02,1448271
2025-10-08 20:15:02,1448271
2025-10-08 21:15:02,1448271
2025-10-08 22:15:02,1448271
2025-10-08 23:15:02,1448271
2025-10-09 00:15:07,1448271
2025-10-09 01:15:05,1448271
2025-10-09 02:15:02,1448271
2025-10-09 03:15:04,1448271
2025-10-09 04:15:02,1448271
2025-10-09 05:15:02,1448271
2025-10-09 06:15:02,1448271
2025-10-09 07:15:02,1448271
2025-10-09 08:15:02,1448271
2025-10-09 09:15:02,1448271
2025-10-09 10:15:02,1448271
2025-10-09 11:15:02,1448271
2025-10-09 12:15:07,1448271
2025-10-09 13:15:01,1448271
2025-10-09 14:15:02,1448271
2025-10-09 15:15:02,1448271
2025-10-09 16:15:02,1448271
2025-10-09 17:15:02,1448271
2025-10-09 18:15:02,1448271
2025-10-09 19:15:02,1448271
2025-10-09 20:15:02,1448271
2025-10-09 21:15:02,1448271
2025-10-09 22:15:07,1448271
2025-10-09 23:15:02,1448271
2025-10-10 00:15:03,1448271
2025-10-10 01:15:05,1448271
2025-10-10 02:15:03,1448271
2025-10-10 03:15:04,1448271
2025-10-10 04:15:02,1448271
2025-10-10 05:15:02,1448271
2025-10-10 06:15:02,1448271
2025-10-10 07:15:02,1448271
2025-10-10 08:15:02,1448271
2025-10-10 09:15:02,1448271
2025-10-10 10:15:02,1448271
2025-10-10 11:15:02,1448271
2025-10-10 12:15:02,1448271
2025-10-10 13:15:02,1448271
2025-10-10 14:15:07,1448271
2025-10-10 15:15:02,1448271
2025-10-10 16:15:02,1448271
2025-10-10 17:15:02,1448271
2025-10-10 18:15:02,1448271
2025-10-10 19:15:02,1448271
2025-10-10 20:15:02,1448271
2025-10-10 21:15:02,1448271
2025-10-10 22:15:02,1448271
2025-10-10 23:15:02,1448271
2025-10-12 14:14:24,1448271
2025-10-12 14:15:02,1448271
2025-10-12 15:14:24,1448271
2025-10-12 16:14:18,1448271
2025-10-12 16:15:02,1448271
2025-10-12 17:14:18,1448271
2025-10-12 17:15:02,1448271
2025-10-12 18:14:19,1448271
2025-10-12 18:15:02,1448271
2025-10-12 19:14:19,1448271
2025-10-12 19:15:02,1448271
2025-10-12 20:14:19,1448271
2025-10-12 20:15:02,1448271
2025-10-12 21:14:19,1448271
2025-10-12 21:15:02,1448271
2025-10-12 22:14:19,1448271
2025-10-12 22:15:02,1448271
2025-10-12 23:14:18,1448271
2025-10-12 23:15:02,1448271
2025-10-13 00:14:19,1448271
2025-10-13 00:15:04,1448271
2025-10-13 01:14:18,1448271
2025-10-13 01:15:04,1448271
2025-10-13 02:14:19,1448271
2025-10-13 02:15:03,1448271
2025-10-13 03:14:18,1448271
2025-10-13 03:15:04,1448271
2025-10-13 04:14:24,1448271
2025-10-13 04:15:04,1448271
2025-10-13 05:14:19,1448271
2025-10-13 05:15:04,1448271
2025-10-13 06:14:19,1448271
2025-10-13 06:15:04,1448271
2025-10-13 07:14:19,1448271
2025-10-13 07:15:04,1448271
2025-10-13 08:14:19,1448271
2025-10-13 08:15:04,1448271
2025-10-13 09:14:19,1448271
2025-10-13 09:15:04,1448271
2025-10-13 10:14:19,1448271
2025-10-13 10:15:04,1448271
2025-10-13 11:14:19,1448271
2025-10-13 11:15:03,1448271
2025-10-13 12:14:18,1448271
2025-10-13 12:15:04,1448271
2025-10-13 13:14:18,1448271
2025-10-13 13:15:03,1448271
2025-10-13 14:14:18,1448271
2025-10-13 14:15:03,1448271
2025-10-13 15:15:08,1448271
2025-10-13 16:15:04,1448271
2025-10-13 17:15:03,1448271
2025-10-13 18:15:03,1448271
2025-10-13 19:15:03,1448271
2025-10-13 20:15:03,1448271
2025-10-13 21:15:03,1448271
2025-10-13 22:15:03,1448271
2025-10-13 23:15:02,1448271
2025-10-14 00:15:03,1448271
2025-10-14 01:15:03,1448271
2025-10-14 02:15:05,1448271
2025-10-14 03:15:03,1448271
2025-10-14 04:15:07,1448271
2025-10-14 05:15:03,1448271
2025-10-14 06:15:03,1448271
2025-10-14 07:15:03,1448271
2025-10-14 08:15:03,1448271
2025-10-14 09:15:03,1448271
2025-10-14 10:15:03,1448271
2025-10-14 11:15:03,1448271
2025-10-14 12:15:03,1448271
2025-10-14 13:15:03,1448271
2025-10-14 14:15:03,1448271
2025-10-14 15:15:07,1448271
2025-10-14 16:15:04,1448271
2025-10-14 17:15:03,1448271
2025-10-14 18:15:03,1448271
2025-10-14 19:15:03,1448271
2025-10-14 20:15:03,1448271
2025-10-14 21:15:03,1448271
2025-10-14 22:15:03,1448271
2025-10-14 23:23:07,1448271
2025-10-15 00:15:05,1448271
2025-10-15 00:23:03,1448271
2025-10-15 01:15:02,1448271
2025-10-15 01:23:03,1448271
2025-10-15 02:15:02,1448271
2025-10-15 02:23:03,1448271
2025-10-15 03:15:02,1448271
2025-10-15 03:23:05,1448271
2025-10-15 04:15:02,1448271
2025-10-15 04:23:06,1448271
2025-10-15 05:15:02,1448271
2025-10-15 05:23:03,1448271
2025-10-15 06:15:02,1448271
